Workbook
Name items_V1: 'Items V1'!$A$1:$F$421
Name mixedraschbirnbaum_2024_10_22_19_09_34_1: 'mixed Rasch-Birnbaum 3PL'!$A$2:$E$421
Name rasch_2024_10_22_19_09_34: 'Rasch 1PL'!$A$2:$C$421
Name raschbirnbaum_2024_10_22_19_09_34: 'Rasch-Birnbaum 2PL'!$A$2:$D$421

Sheet Items V1
A1: label | B1: status | C1: category | D1: difficulty | E1: discrimination | F1: guessing | H1: 1PL | I1: Delta difficulty | K1: 2PL | L1: DELTA difficulty | M1: DELTA discrimination | O1: 3PL | P1: DELTA difficulty | Q1: DELTA discrimination | R1: DELTA guessing
A2: A01-00 | B2: 0 | C2: A/A01 | D2: -4.45 | E2: 5.92 | F2: 0.06 | I2: =D2-'Rasch 1PL'!B2 -> 0.57051419 | L2: =D2-'Rasch-Birnbaum 2PL'!B2 -> -0.13201186 | M2: =E2-'Rasch-Birnbaum 2PL'!C2 -> 2.92 | P2: =D2-'mixed Rasch-Birnbaum 3PL'!B2 -> -0.0049249212 | Q2: =E2-'mixed Rasch-Birnbaum 3PL'!C2 -> 2.92 | R2: =F2-'mixed Rasch-Birnbaum 3PL'!D2 -> 0.06
A3: A01-01 | B3: 0 | C3: A/A01 | D3: -4.57 | E3: 5.22 | F3: 0.25 | I3: =D3-'Rasch 1PL'!B3 -> 0.86050871 | L3: =D3-'Rasch-Birnbaum 2PL'!B3 -> 0.025269246 | M3: =E3-'Rasch-Birnbaum 2PL'!C3 -> 2.22 | P3: =D3-'mixed Rasch-Birnbaum 3PL'!B3 -> -0.038866856 | Q3: =E3-'mixed Rasch-Birnbaum 3PL'!C3 -> 2.22 | R3: =F3-'mixed Rasch-Birnbaum 3PL'!D3 -> 0.1799114
A4: A01-02 | B4: 0 | C4: A/A01 | D4: -3.86 | E4: 0.99 | F4: 0.24 | I4: =D4-'Rasch 1PL'!B4 -> 0.47686321 | L4: =D4-'Rasch-Birnbaum 2PL'!B4 -> 0.70095935 | M4: =E4-'Rasch-Birnbaum 2PL'!C4 -> 0.14314493 | P4: =D4-'mixed Rasch-Birnbaum 3PL'!B4 -> 0.93008914 | Q4: =E4-'mixed Rasch-Birnbaum 3PL'!C4 -> 0.16394657 | R4: =F4-'mixed Rasch-Birnbaum 3PL'!D4 -> 0.24
A5: A01-03 | B5: 0 | C5: A/A01 | D5: -3.41 | E5: 0.71 | F5: 0.21 | I5: =D5-'Rasch 1PL'!B5 -> 0.13070952 | L5: =D5-'Rasch-Birnbaum 2PL'!B5 -> 0.58807922 | M5: =E5-'Rasch-Birnbaum 2PL'!C5 -> 0.022830712 | P5: =D5-'mixed Rasch-Birnbaum 3PL'!B5 -> 0.26119687 | Q5: =E5-'mixed Rasch-Birnbaum 3PL'!C5 -> -0.0090850733 | R5: =F5-'mixed Rasch-Birnbaum 3PL'!D5 -> 0.10550386
A6: A01-04 | B6: 0 | C6: A/A01 | D6: -4.08 | E6: 0.7 | F6: 0.02 | I6: =D6-'Rasch 1PL'!B6 -> -0.36503846 | L6: =D6-'Rasch-Birnbaum 2PL'!B6 -> 0.11470732 | M6: =E6-'Rasch-Birnbaum 2PL'!C6 -> 0.0093910679 | P6: =D6-'mixed Rasch-Birnbaum 3PL'!B6 -> 0.06260858 | Q6: =E6-'mixed Rasch-Birnbaum 3PL'!C6 -> 0.0049171287 | R6: =F6-'mixed Rasch-Birnbaum 3PL'!D6 -> 0.0018458221
A7: A01-05 | B7: 0 | C7: A/A01 | D7: -3.71 | E7: 1.81 | F7: 0.17 | I7: =D7-'Rasch 1PL'!B7 -> 0.44655132 | L7: =D7-'Rasch-Birnbaum 2PL'!B7 -> 0.10927405 | M7: =E7-'Rasch-Birnbaum 2PL'!C7 -> 0.17993874 | P7: =D7-'mixed Rasch-Birnbaum 3PL'!B7 -> -0.12295248 | Q7: =E7-'mixed Rasch-Birnbaum 3PL'!C7 -> -0.071303821 | R7: =F7-'mixed Rasch-Birnbaum 3PL'!D7 -> 0.054255758
A8: A01-06 | B8: 0 | C8: A/A01 | D8: -3.95 | E8: 3.73 | F8: 0.03 | I8: =D8-'Rasch 1PL'!B8 -> 0.50842698 | L8: =D8-'Rasch-Birnbaum 2PL'!B8 -> -0.060890549 | M8: =E8-'Rasch-Birnbaum 2PL'!C8 -> 0.73 | P8: =D8-'mixed Rasch-Birnbaum 3PL'!B8 -> -0.082392129 | Q8: =E8-'mixed Rasch-Birnbaum 3PL'!C8 -> 0.73 | R8: =F8-'mixed Rasch-Birnbaum 3PL'!D8 -> 0.016100982
A9: A01-07 | B9: 0 | C9: A/A01 | D9: -3.18 | E9: 1.01 | F9: 0.17 | I9: =D9-'Rasch 1PL'!B9 -> 0.36070952 | L9: =D9-'Rasch-Birnbaum 2PL'!B9 -> 0.31910004 | M9: =E9-'Rasch-Birnbaum 2PL'!C9 -> -0.043714924 | P9: =D9-'mixed Rasch-Birnbaum 3PL'!B9 -> 0.24871187 | Q9: =E9-'mixed Rasch-Birnbaum 3PL'!C9 -> -0.064610535 | R9: =F9-'mixed Rasch-Birnbaum 3PL'!D9 -> 0.14147834
A10: A01-08 | B10: 0 | C10: A/A01 | D10: -3.38 | E10: 1.52 | F10: 0.09 | I10: =D10-'Rasch 1PL'!B10 -> 0.44676883 | L10: =D10-'Rasch-Birnbaum 2PL'!B10 -> 0.18487286 | M10: =E10-'Rasch-Birnbaum 2PL'!C10 -> 0.018666084 | P10: =D10-'mixed Rasch-Birnbaum 3PL'!B10 -> 0.42093044 | Q10: =E10-'mixed Rasch-Birnbaum 3PL'!C10 -> 0.10475641 | R10: =F10-'mixed Rasch-Birnbaum 3PL'!D10 -> 0.09
A11: A01-09 | B11: 0 | C11: A/A01 | D11: -4.64 | E11: 3.14 | F11: 0.27 | I11: =D11-'Rasch 1PL'!B11 -> 1.1436308 | L11: =D11-'Rasch-Birnbaum 2PL'!B11 -> 0.13184827 | M11: =E11-'Rasch-Birnbaum 2PL'!C11 -> 0.14 | P11: =D11-'mixed Rasch-Birnbaum 3PL'!B11 -> 0.18759739 | Q11: =E11-'mixed Rasch-Birnbaum 3PL'!C11 -> 0.14 | R11: =F11-'mixed Rasch-Birnbaum 3PL'!D11 -> 0.27
A12: A01-10 | B12: 0 | C12: A/A01 | D12: -4.09 | E12: 4.46 | F12: 0.28 | I12: =D12-'Rasch 1PL'!B12 -> 0.97706069 | L12: =D12-'Rasch-Birnbaum 2PL'!B12 -> 0.3080225 | M12: =E12-'Rasch-Birnbaum 2PL'!C12 -> 1.7987934 | P12: =D12-'mixed Rasch-Birnbaum 3PL'!B12 -> 0.0068522418 | Q12: =E12-'mixed Rasch-Birnbaum 3PL'!C12 -> 1.46 | R12: =F12-'mixed Rasch-Birnbaum 3PL'!D12 -> 0.061136893
A13: A01-11 | B13: 0 | C13: A/A01 | D13: -3.57 | E13: 0.93 | F13: 0.21 | I13: =D13-'Rasch 1PL'!B13 -> 0.32865138 | L13: =D13-'Rasch-Birnbaum 2PL'!B13 -> 0.458874 | M13: =E13-'Rasch-Birnbaum 2PL'!C13 -> 0.042893097 | P13: =D13-'mixed Rasch-Birnbaum 3PL'!B13 -> 0.70586019 | Q13: =E13-'mixed Rasch-Birnbaum 3PL'!C13 -> 0.068091154 | R13: =F13-'mixed Rasch-Birnbaum 3PL'!D13 -> 0.21
... A421: C10-19 | B421: 0 | C421: C/C10 | D421: 3.01 | E421: 3.24 | F421: 0.25 | I421: =D421-'Rasch 1PL'!B421 -> 2.2944339 | L421: =D421-'Rasch-Birnbaum 2PL'!B421 -> 1.4107036 | M421: =E421-'Rasch-Birnbaum 2PL'!C421 -> 2.9742592 | P421: =D421-'mixed Rasch-Birnbaum 3PL'!B421 -> -0.19031411 | Q421: =E421-'mixed Rasch-Birnbaum 3PL'!C421 -> 0.24 | R421: =F421-'mixed Rasch-Birnbaum 3PL'!D421 -> -0.1252583

Sheet Rasch 1PL
A1: Idlabel | B1: difficulty | E1: =MIN(B:B) -> -5.7836308
A2: A01-00 | B2: -5.0205142 | C2: rasch | E2: =MAX(B:B) -> 3.6368
A3: A01-01 | B3: -5.4305087 | C3: rasch
A4: A01-02 | B4: -4.3368632 | C4: rasch
A5: A01-03 | B5: -3.5407095 | C5: rasch
A6: A01-04 | B6: -3.7149615 | C6: rasch
A7: A01-05 | B7: -4.1565513 | C7: rasch
A8: A01-06 | B8: -4.458427 | C8: rasch
A9: A01-07 | B9: -3.5407095 | C9: rasch
A10: A01-08 | B10: -3.8267688 | C10: rasch
A11: A01-09 | B11: -5.7836308 | C11: rasch
A12: A01-10 | B12: -5.0670607 | C12: rasch
A13: A01-11 | B13: -3.8986514 | C13: rasch
A14: A01-12 | B14: -4.3031631 | C14: rasch
... A421: C10-19 | B421: 0.7155661 | C421: rasch

Sheet Rasch-Birnbaum 2PL
A1: label | B1: difficulty | C1: discrimination | F1: =MIN(B:B) -> -4.8297223
A2: A01-00 | B2: -4.3179881 | C2: 3 | D2: raschbirnbaum | F2: =MAX(B:B) -> 6
A3: A01-01 | B3: -4.5952692 | C3: 3 | D3: raschbirnbaum
A4: A01-02 | B4: -4.5609593 | C4: 0.84685507 | D4: raschbirnbaum
A5: A01-03 | B5: -3.9980792 | C5: 0.68716929 | D5: raschbirnbaum
A6: A01-04 | B6: -4.1947073 | C6: 0.69060893 | D6: raschbirnbaum
A7: A01-05 | B7: -3.819274 | C7: 1.6300613 | D7: raschbirnbaum
A8: A01-06 | B8: -3.8891095 | C8: 3 | D8: raschbirnbaum
A9: A01-07 | B9: -3.4991 | C9: 1.0537149 | D9: raschbirnbaum
A10: A01-08 | B10: -3.5648729 | C10: 1.5013339 | D10: raschbirnbaum
A11: A01-09 | B11: -4.7718483 | C11: 3 | D11: raschbirnbaum
A12: A01-10 | B12: -4.3980225 | C12: 2.6612066 | D12: raschbirnbaum
A13: A01-11 | B13: -4.028874 | C13: 0.8871069 | D13: raschbirnbaum
A14: A01-12 | B14: -3.8332074 | C14: 2.3284709 | D14: raschbirnbaum
... A421: C10-19 | B421: 1.5992964 | C421: 0.26574079 | D421: raschbirnbaum

Sheet mixed Rasch-Birnbaum 3PL
A1: label | B1: difficulty | C1: discrimination | D1: guessing
A2: A01-00 | B2: -4.4450751 | C2: 3 | D2: 0 | E2: mixedraschbirnbaum | G2: =MIN(D:D) -> 0
A3: A01-01 | B3: -4.5311331 | C3: 3 | D3: 0.070088595 | E3: mixedraschbirnbaum | G3: =MAX(D:D) -> 0.50192736
A4: A01-02 | B4: -4.7900891 | C4: 0.82605343 | D4: 0 | E4: mixedraschbirnbaum
A5: A01-03 | B5: -3.6711969 | C5: 0.71908507 | D5: 0.10449614 | E5: mixedraschbirnbaum
A6: A01-04 | B6: -4.1426086 | C6: 0.69508287 | D6: 0.018154178 | E6: mixedraschbirnbaum
A7: A01-05 | B7: -3.5870475 | C7: 1.8813038 | D7: 0.11574424 | E7: mixedraschbirnbaum
A8: A01-06 | B8: -3.8676079 | C8: 3 | D8: 0.013899018 | E8: mixedraschbirnbaum
A9: A01-07 | B9: -3.4287119 | C9: 1.0746105 | D9: 0.028521661 | E9: mixedraschbirnbaum
A10: A01-08 | B10: -3.8009304 | C10: 1.4152436 | D10: 0 | E10: mixedraschbirnbaum
A11: A01-09 | B11: -4.8275974 | C11: 3 | D11: 0 | E11: mixedraschbirnbaum
A12: A01-10 | B12: -4.0968522 | C12: 3 | D12: 0.21886311 | E12: mixedraschbirnbaum
A13: A01-11 | B13: -4.2758602 | C13: 0.86190885 | D13: 0 | E13: mixedraschbirnbaum
A14: A01-12 | B14: -3.6537135 | C14: 2.9349475 | D14: 0.094818454 | E14: mixedraschbirnbaum
A15: A01-13 | B15: -4.1204295 | C15: 3 | D15: 0 | E15: mixedraschbirnbaum
... A421: C10-19 | B421: 3.2003141 | C421: 3 | D421: 0.3752583 | E421: mixedraschbirnbaum
